Workbook

Sheet KEY
A1: Projects | C1: Sub Color | D1: Subcontractors | F1: Scope 1 | G1: Scope 2 | H1: Scope 3 | I1: Scope 4 | J1: Scope 5 | K1: Scope 6 | L1: Scope 7
A2: 1 | D2: 3C Concrete | F2: Footer | G2: Slab | H2: Driveway
A3: 2 | D3: Willett & Assoc. | F3: Estimate | G3: Clearing | H3: Site Prep | I3: Rough grade | J3: Rock work
A4: 3 | D4: Julio H | F4: Block | G4: Brick | H4: Stone
A5: 4 | D5: Gerardo | F5: Framing | G5: Siding
D6: Rod Smith | F6: Roofing
D7: Dave Kaler | F7: Electrical Pre | G7: Electrical Rough | H7: Electrical Finish | I7: Appliances
D8: Adco | F8: HVAC Pre | G8: HVAC Rough | H8: HVAC Finish
D9: Hays | F9: Plumbing Pre | G9: Plumbing Rough | H9: Plumbing Finish
D10: LW Contracting | F10: Flooring | G10: Tile Work
D11: Tyler Champion | F11: Insulation Block | G11: Insulation Walls | H11: Insulation Ceiling
D12: Bernall Constr. | F12: Sheetrock
D13: Danny Liedecher | F13: Garage Doors
D14: BlueGrass Gutters | F14: Gutters
D15: Matt Thorn | F15: Trim Interior | G15: Trim Exterior
D16: L&L Painting | F16: Painting Primer | G16: Painting Main | H16: Painting Finish
D17: Whittmer | F17: Cabinets
D18: Tate Granit | F18: Countertops
D19: Angie Mullens | F19: Closets
D20: Jacob Hayden | F20: Landscaping | G20: Finish Grade | H20: French Drain | I20: Gutter Drains
D21: Ramiro | F21: Irrigation
D22: TruGreen | F22: Lawn Seeding
D23: Angies Cleaning | F23: Cleaning

Sheet Gantt
I1: 46117 | P1: 46124 | W1: 46131 | AD1: 46138 | AK1: 46145 | AR1: 46152 | AY1: 46159 | BF1: 46166 | BM1: 46173 | BT1: 46180 | CA1: 46187 | CH1: 46194 | CO1: 46201 | CV1: 46208 | DC1: 46215 | DJ1: 46222 | DQ1: 46229 | DX1: 46236 | EE1: 46243 | EL1: 46250 | ES1: 46257 | EZ1: 46264 | FG1: 46271 | FN1: 46278 | FU1: 46285 | GB1: 46292 | GI1: 46299 | GP1: 46306 | GW1: 46313 | HD1: 46320 | HK1: 46327 | HR1: 46334 | HY1: 46341 | IF1: 46348 | IM1: 46355 | IT1: 46362 | JA1: 46369 | JH1: 46376 | JO1: 46383 | JV1: 46390 | KC1: 46397 | KJ1: 46404 | KQ1: 46411 | KX1: 46418 | LE1: 46425 | LL1: 46432 | LS1: 46439 | LZ1: 46446 | MG1: 46453 | MN1: 46460 | MU1: 46467
E2: Days | I2: M | J2: T | K2: W | L2: TH | M2: F | N2: S | O2: S | P2: M | Q2: T | R2: W | S2: TH | T2: F | U2: S | V2: S | W2: M | X2: T | Y2: W | Z2: TH | AA2: F | AB2: S | AC2: S | AD2: M | AE2: T | AF2: W | AG2: TH | AH2: F | AI2: S | AJ2: S | AK2: M | AL2: T | AM2: W | AN2: TH | AO2: F | AP2: S | AQ2: S | AR2: M | AS2: T | AT2: W | AU2: TH | AV2: F | AW2: S | AX2: S | AY2: M | AZ2: T | BA2: W | BB2: TH | BC2: F | BD2: S | BE2: S | BF2: M | BG2: T | BH2: W | BI2: TH | BJ2: F | BK2: S | BL2: S | BM2: M | BN2: T | BO2: W | BP2: TH | BQ2: F | BR2: S | BS2: S | BT2: M | BU2: T | BV2: W | BW2: TH | BX2: F | BY2: S | BZ2: S | CA2: M | CB2: T | CC2: W | CD2: TH | CE2: F | CF2: S | CG2: S | CH2: M | CI2: T | CJ2: W | CK2: TH | CL2: F | CM2: S | CN2: S | CO2: M | CP2: T | CQ2: W | CR2: TH | CS2: F | CT2: S | CU2: S | CV2: M | CW2: T | CX2: W | CY2: TH | CZ2: F | DA2: S | DB2: S | DC2: M | DD2: T | DE2: W | DF2: TH | DG2: F | DH2: S | DI2: S | DJ2: M | DK2: T | DL2: W | DM2: TH | DN2: F | DO2: S | DP2: S | DQ2: M | DR2: T | DS2: W | DT2: TH | DU2: F | DV2: S | DW2: S | DX2: M | DY2: T | DZ2: W | EA2: TH | EB2: F | EC2: S | ED2: S | EE2: M | EF2: T | EG2: W | EH2: TH | EI2: F | EJ2: S | EK2: S | EL2: M | EM2: T | EN2: W | EO2: TH | EP2: F | EQ2: S | ER2: S | ES2: M | ET2: T | EU2: W | EV2: TH | EW2: F | EX2: S | EY2: S | EZ2: M | FA2: T | FB2: W | FC2: TH | FD2: F | FE2: S | FF2: S | FG2: M | FH2: T | FI2: W | FJ2: TH | FK2: F | FL2: S | FM2: S | FN2: M | FO2: T | FP2: W | FQ2: TH | FR2: F | FS2: S | FT2: S | FU2: M | FV2: T | FW2: W | FX2: TH | FY2: F | FZ2: S | GA2: S | GB2: M | GC2: T | GD2: W | GE2: TH | GF2: F | GG2: S | GH2: S | GI2: M | GJ2: T | GK2: W | GL2: TH | GM2: F | GN2: S | GO2: S | GP2: M | GQ2: T | GR2: W | GS2: TH | GT2: F | GU2: S | GV2: S | GW2: M | GX2: T | GY2: W | GZ2: TH | HA2: F | HB2: S | HC2: S | HD2: M | HE2: T | HF2: W | HG2: TH | HH2: F | HI2: S | HJ2: S | HK2: M | HL2: T | HM2: W | HN2: TH | HO2: F | HP2: S | HQ2: S | HR2: M | HS2: T | HT2: W | HU2: TH | HV2: F | HW2: S | HX2: S | HY2: M | HZ2: T | IA2: W | IB2: TH | IC2: F | ID2: S | IE2: S | IF2: M | IG2: T | IH2: W | II2: TH | IJ2: F | IK2: S | IL2: S | IM2: M | IN2: T | IO2: W | IP2: TH | IQ2: F | IR2: S | IS2: S | IT2: M | IU2: T | IV2: W | IW2: TH | IX2: F | IY2: S | IZ2: S | JA2: M | JB2: T | JC2: W | JD2: TH | JE2: F | JF2: S | JG2: S | JH2: M | JI2: T | JJ2: W | JK2: TH | JL2: F | JM2: S | JN2: S | JO2: M | JP2: T | JQ2: W | JR2: TH | JS2: F | JT2: S | JU2: S | JV2: M | JW2: T | JX2: W | JY2: TH | JZ2: F | KA2: S | KB2: S | KC2: M | KD2: T | KE2: W | KF2: TH | KG2: F | KH2: S | KI2: S | KJ2: M | KK2: T | KL2: W | KM2: TH | KN2: F | KO2: S | KP2: S | KQ2: M | KR2: T | KS2: W | KT2: TH | KU2: F | KV2: S | KW2: S | KX2: M | KY2: T | KZ2: W | LA2: TH | LB2: F | LC2: S | LD2: S | LE2: M | LF2: T | LG2: W | LH2: TH | LI2: F | LJ2: S | LK2: S | LL2: M | LM2: T | LN2: W | LO2: TH | LP2: F | LQ2: S | LR2: S | LS2: M | LT2: T | LU2: W | LV2: TH | LW2: F | LX2: S | LY2: S | LZ2: M | MA2: T | MB2: W | MC2: TH | MD2: F | ME2: S | MF2: S | MG2: M | MH2: T | MI2: W | MJ2: TH | MK2: F | ML2: S | MM2: S | MN2: M | MO2: T | MP2: W | MQ2: TH | MR2: F | MS2: S | MT2: S | MU2: M | MV2: T | MW2: W | MX2: TH | MY2: F | MZ2: S | NA2: S
A3: Project | B3: Subcontractor | C3: Scope | D3: Start Date | E3: To Complete | F3: End Date | G3: Dependancy | I3: 46111 | J3: 46112 | K3: 46113 | L3: 46114 | M3: 46115 | N3: 46116 | O3: 46117 | P3: 46118 | Q3: 46119 | R3: 46120 | S3: 46121 | T3: 46122 | U3: 46123 | V3: 46124 | W3: 46125 | X3: 46126 | Y3: 46127 | Z3: 46128 | AA3: 46129 | AB3: 46130 | AC3: 46131 | AD3: 46132 | AE3: 46133 | AF3: 46134 | AG3: 46135 | AH3: 46136 | AI3: 46137 | AJ3: 46138 | AK3: 46139 | AL3: 46140 | AM3: 46141 | AN3: 46142 | AO3: 46143 | AP3: 46144 | AQ3: 46145 | AR3: 46146 | AS3: 46147 | AT3: 46148 | AU3: 46149 | AV3: 46150 | AW3: 46151 | AX3: 46152 | AY3: 46153 | AZ3: 46154 | BA3: 46155 | BB3: 46156 | BC3: 46157 | BD3: 46158 | BE3: 46159 | BF3: 46160 | BG3: 46161 | BH3: 46162 | BI3: 46163 | BJ3: 46164 | BK3: 46165 | BL3: 46166 | BM3: 46167 | BN3: 46168 | BO3: 46169 | BP3: 46170 | BQ3: 46171 | BR3: 46172 | BS3: 46173 | BT3: 46174 | BU3: 46175 | BV3: 46176 | BW3: 46177 | BX3: 46178 | BY3: 46179 | BZ3: 46180 | CA3: 46181 | CB3: 46182 | CC3: 46183 | CD3: 46184 | CE3: 46185 | CF3: 46186 | CG3: 46187 | CH3: 46188 | CI3: 46189 | CJ3: 46190 | CK3: 46191 | CL3: 46192 | CM3: 46193 | CN3: 46194 | CO3: 46195 | CP3: 46196 | CQ3: 46197 | CR3: 46198 | CS3: 46199 | CT3: 46200 | CU3: 46201 | CV3: 46202 | CW3: 46203 | CX3: 46204 | CY3: 46205 | CZ3: 46206 | DA3: 46207 | DB3: 46208 | DC3: 46209 | DD3: 46210 | DE3: 46211 | DF3: 46212 | DG3: 46213 | DH3: 46214 | DI3: 46215 | DJ3: 46216 | DK3: 46217 | DL3: 46218 | DM3: 46219 | DN3: 46220 | DO3: 46221 | DP3: 46222 | DQ3: 46223 | DR3: 46224 | DS3: 46225 | DT3: 46226 | DU3: 46227 | DV3: 46228 | DW3: 46229 | DX3: 46230 | DY3: 46231 | DZ3: 46232 | EA3: 46233 | EB3: 46234 | EC3: 46235 | ED3: 46236 | EE3: 46237 | EF3: 46238 | EG3: 46239 | EH3: 46240 | EI3: 46241 | EJ3: 46242 | EK3: 46243 | EL3: 46244 | EM3: 46245 | EN3: 46246 | EO3: 46247 | EP3: 46248 | EQ3: 46249 | ER3: 46250 | ES3: 46251 | ET3: 46252 | EU3: 46253 | EV3: 46254 | EW3: 46255 | EX3: 46256 | EY3: 46257 | EZ3: 46258 | FA3: 46259 | FB3: 46260 | FC3: 46261 | FD3: 46262 | FE3: 46263 | FF3: 46264 | FG3: 46265 | FH3: 46266 | FI3: 46267 | FJ3: 46268 | FK3: 46269 | FL3: 46270 | FM3: 46271 | FN3: 46272 | FO3: 46273 | FP3: 46274 | FQ3: 46275 | FR3: 46276 | FS3: 46277 | FT3: 46278 | FU3: 46279 | FV3: 46280 | FW3: 46281 | FX3: 46282 | FY3: 46283 | FZ3: 46284 | GA3: 46285 | GB3: 46286 | GC3: 46287 | GD3: 46288 | GE3: 46289 | GF3: 46290 | GG3: 46291 | GH3: 46292 | GI3: 46293 | GJ3: 46294 | GK3: 46295 | GL3: 46296 | GM3: 46297 | GN3: 46298 | GO3: 46299 | GP3: 46300 | GQ3: 46301 | GR3: 46302 | GS3: 46303 | GT3: 46304 | GU3: 46305 | GV3: 46306 | GW3: 46307 | GX3: 46308 | GY3: 46309 | GZ3: 46310 | HA3: 46311 | HB3: 46312 | HC3: 46313 | HD3: 46314 | HE3: 46315 | HF3: 46316 | HG3: 46317 | HH3: 46318 | HI3: 46319 | HJ3: 46320 | HK3: 46321 | HL3: 46322 | HM3: 46323 | HN3: 46324 | HO3: 46325 | HP3: 46326 | HQ3: 46327 | HR3: 46328 | HS3: 46329 | HT3: 46330 | HU3: 46331 | HV3: 46332 | HW3: 46333 | HX3: 46334 | HY3: 46335 | HZ3: 46336 | IA3: 46337 | IB3: 46338 | IC3: 46339 | ID3: 46340 | IE3: 46341 | IF3: 46342 | IG3: 46343 | IH3: 46344 | II3: 46345 | IJ3: 46346 | IK3: 46347 | IL3: 46348 | IM3: 46349 | IN3: 46350 | IO3: 46351 | IP3: 46352 | IQ3: 46353 | IR3: 46354 | IS3: 46355 | IT3: 46356 | IU3: 46357 | IV3: 46358 | IW3: 46359 | IX3: 46360 | IY3: 46361 | IZ3: 46362 | JA3: 46363 | JB3: 46364 | JC3: 46365 | JD3: 46366 | JE3: 46367 | JF3: 46368 | JG3: 46369 | JH3: 46370 | JI3: 46371 | JJ3: 46372 | JK3: 46373 | JL3: 46374 | JM3: 46375 | JN3: 46376 | JO3: 46377 | JP3: 46378 | JQ3: 46379 | JR3: 46380 | JS3: 46381 | JT3: 46382 | JU3: 46383 | JV3: 46384 | JW3: 46385 | JX3: 46386 | JY3: 46387 | JZ3: 46388 | KA3: 46389 | KB3: 46390 | KC3: 46391 | KD3: 46392 | KE3: 46393 | KF3: 46394 | KG3: 46395 | KH3: 46396 | KI3: 46397 | KJ3: 46398 | KK3: 46399 | KL3: 46400 | KM3: 46401 | KN3: 46402 | KO3: 46403 | KP3: 46404 | KQ3: 46405 | KR3: 46406 | KS3: 46407 | KT3: 46408 | KU3: 46409 | KV3: 46410 | KW3: 46411 | KX3: 46412 | KY3: 46413 | KZ3: 46414 | LA3: 46415 | LB3: 46416 | LC3: 46417 | LD3: 46418 | LE3: 46419 | LF3: 46420 | LG3: 46421 | LH3: 46422 | LI3: 46423 | LJ3: 46424 | LK3: 46425 | LL3: 46426 | LM3: 46427 | LN3: 46428 | LO3: 46429 | LP3: 46430 | LQ3: 46431 | LR3: 46432 | LS3: 46433 | LT3: 46434 | LU3: 46435 | LV3: 46436 | LW3: 46437 | LX3: 46438 | LY3: 46439 | LZ3: 46440 | MA3: 46441 | MB3: 46442 | MC3: 46443 | MD3: 46444 | ME3: 46445 | MF3: 46446 | MG3: 46447 | MH3: 46448 | MI3: 46449 | MJ3: 46450 | MK3: 46451 | ML3: 46452 | MM3: 46453 | MN3: 46454 | MO3: 46455 | MP3: 46456 | MQ3: 46457 | MR3: 46458 | MS3: 46459 | MT3: 46460 | MU3: 46461 | MV3: 46462 | MW3: 46463 | MX3: 46464 | MY3: 46465 | MZ3: 46466 | NA3: 46467
A4: IW10 | B4: {=IFERROR(INDEX(KEY!$D$2:$D$23, MATCH(TRUE, _xlfn.BYROW(KEY!$F$2:$I$23, _xlfn.LAMBDA(_xlpm.r, COUNTIF(_xlpm.r, C4)>0)), 0)), "")} -> Willett & Assoc. | C4: Estimate | D4: 46113 | E4: 10 | F4: =WORKDAY(D4,E4-1) -> 46126
B5: {=IFERROR(INDEX(KEY!$D$2:$D$23, MATCH(TRUE, _xlfn.BYROW(KEY!$F$2:$I$23, _xlfn.LAMBDA(_xlpm.r, COUNTIF(_xlpm.r, C5)>0)), 0)), "")} -> Willett & Assoc. | C5: Clearing | D5: =_xlfn.XLOOKUP(G5,$C:$C,$F:$F)+1 -> 46127 | E5: 3 | F5: =WORKDAY(D5,E5-1) -> 46129 | G5: Estimate
B6: {=IFERROR(INDEX(KEY!$D$2:$D$23, MATCH(TRUE, _xlfn.BYROW(KEY!$F$2:$I$23, _xlfn.LAMBDA(_xlpm.r, COUNTIF(_xlpm.r, C6)>0)), 0)), "")} -> Willett & Assoc. | C6: Site Prep | D6: =_xlfn.XLOOKUP(G6,$C:$C,$F:$F)+1 -> 46130 | E6: 2 | F6: =WORKDAY(D6,E6-1) -> 46132 | G6: Clearing
B7: {=IFERROR(INDEX(KEY!$D$2:$D$23, MATCH(TRUE, _xlfn.BYROW(KEY!$F$2:$I$23, _xlfn.LAMBDA(_xlpm.r, COUNTIF(_xlpm.r, C7)>0)), 0)), "")} -> 3C Concrete | C7: Footer | D7: =_xlfn.XLOOKUP(G7,$C:$C,$F:$F)+1 -> 46133 | E7: 4 | F7: =WORKDAY(D7,E7-1) -> 46136 | G7: Site Prep
B8: {=IFERROR(INDEX(KEY!$D$2:$D$23, MATCH(TRUE, _xlfn.BYROW(KEY!$F$2:$I$23, _xlfn.LAMBDA(_xlpm.r, COUNTIF(_xlpm.r, C8)>0)), 0)), "")} -> Julio H | C8: Block | D8: =_xlfn.XLOOKUP(G8,$C:$C,$F:$F)+1 -> 46137 | E8: 6 | F8: =WORKDAY(D8,E8-1) -> 46143 | G8: Footer
B9: {=IFERROR(INDEX(KEY!$D$2:$D$23, MATCH(TRUE, _xlfn.BYROW(KEY!$F$2:$I$23, _xlfn.LAMBDA(_xlpm.r, COUNTIF(_xlpm.r, C9)>0)), 0)), "")} -> Jacob Hayden | C9: French Drain | D9: =_xlfn.XLOOKUP(G9,$C:$C,$F:$F)+1 -> 46144 | E9: 2 | F9: =WORKDAY(D9,E9-1) -> 46146 | G9: Block
B10: {=IFERROR(INDEX(KEY!$D$2:$D$23, MATCH(TRUE, _xlfn.BYROW(KEY!$F$2:$T$23, _xlfn.LAMBDA(_xlpm.r, COUNTIF(_xlpm.r, C10)>0)), 0)), "")} -> Tyler Champion | C10: Insulation Block | D10: =_xlfn.XLOOKUP(G10,$C:$C,$F:$F)+1 -> 46144 | E10: 2 | F10: =WORKDAY(D10,E10-1) -> 46146 | G10: Block
B11: {=IFERROR(INDEX(KEY!$D$2:$D$23, MATCH(TRUE, _xlfn.BYROW(KEY!$F$2:$T$23, _xlfn.LAMBDA(_xlpm.r, COUNTIF(_xlpm.r, C11)>0)), 0)), "")} -> Willett & Assoc. | C11: Rock Work | D11: =_xlfn.XLOOKUP(G11,$C:$C,$F:$F)+1 -> 46147 | E11: 2 | F11: =WORKDAY(D11,E11-1) -> 46148 | G11: Insulation Block
B12: {=IFERROR(INDEX(KEY!$D$2:$D$23, MATCH(TRUE, _xlfn.BYROW(KEY!$F$2:$I$23, _xlfn.LAMBDA(_xlpm.r, COUNTIF(_xlpm.r, C12)>0)), 0)), "")} -> Adco | C12: HVAC Pre | D12: =_xlfn.XLOOKUP(G12,$C:$C,$F:$F)+1 -> 46149 | E12: 2 | F12: =WORKDAY(D12,E12-1) -> 46150 | G12: Rock Work
B13: {=IFERROR(INDEX(KEY!$D$2:$D$23, MATCH(TRUE, _xlfn.BYROW(KEY!$F$2:$I$23, _xlfn.LAMBDA(_xlpm.r, COUNTIF(_xlpm.r, C13)>0)), 0)), "")} -> Hays | C13: Plumbing Pre | D13: =_xlfn.XLOOKUP(G13,$C:$C,$F:$F)+1 -> 46149 | E13: 5 | F13: =WORKDAY(D13,E13-1) -> 46155 | G13: Rock Work
B14: {=IFERROR(INDEX(KEY!$D$2:$D$23, MATCH(TRUE, _xlfn.BYROW(KEY!$F$2:$I$23, _xlfn.LAMBDA(_xlpm.r, COUNTIF(_xlpm.r, C14)>0)), 0)), "")} -> Dave Kaler | C14: Electrical Pre | D14: =_xlfn.XLOOKUP(G14,$C:$C,$F:$F)+1 -> 46149 | E14: 2 | F14: =WORKDAY(D14,E14-1) -> 46150 | G14: Rock Work
B15: {=IFERROR(INDEX(KEY!$D$2:$D$23, MATCH(TRUE, _xlfn.BYROW(KEY!$F$2:$I$23, _xlfn.LAMBDA(_xlpm.r, COUNTIF(_xlpm.r, C15)>0)), 0)), "")} -> 3C Concrete | C15: Slab | D15: =_xlfn.XLOOKUP(G15,$C:$C,$F:$F)+1 -> 46156 | E15: 3 | F15: =WORKDAY(D15,E15-1) -> 46160 | G15: Plumbing Pre
B16: {=IFERROR(INDEX(KEY!$D$2:$D$23, MATCH(TRUE, _xlfn.BYROW(KEY!$F$2:$I$23, _xlfn.LAMBDA(_xlpm.r, COUNTIF(_xlpm.r, C16)>0)), 0)), "")} -> Gerardo | C16: Framing | D16: =_xlfn.XLOOKUP(G16,$C:$C,$F:$F)+1 -> 46161 | E16: 30 | F16: =WORKDAY(D16,E16-1) -> 46202 | G16: Slab
B17: {=IFERROR(INDEX(KEY!$D$2:$D$23, MATCH(TRUE, _xlfn.BYROW(KEY!$F$2:$I$23, _xlfn.LAMBDA(_xlpm.r, COUNTIF(_xlpm.r, C17)>0)), 0)), "")} -> Rod Smith | C17: Roofing | D17: =_xlfn.XLOOKUP(G17,$C:$C,$F:$F)+1 -> 46203 | E17: 3 | F17: =WORKDAY(D17,E17-1) -> 46205 | G17: Framing
B18: {=IFERROR(INDEX(KEY!$D$2:$D$23, MATCH(TRUE, _xlfn.BYROW(KEY!$F$2:$I$23, _xlfn.LAMBDA(_xlpm.r, COUNTIF(_xlpm.r, C18)>0)), 0)), "")} -> Julio H | C18: Brick | D18: =_xlfn.XLOOKUP(G18,$C:$C,$F:$F)+1 -> 46203 | E18: 20 | F18: =WORKDAY(D18,E18-1) -> 46230 | G18: Framing
B19: {=IFERROR(INDEX(KEY!$D$2:$D$23, MATCH(TRUE, _xlfn.BYROW(KEY!$F$2:$I$23, _xlfn.LAMBDA(_xlpm.r, COUNTIF(_xlpm.r, C19)>0)), 0)), "")} -> Julio H | C19: Stone | D19: =_xlfn.XLOOKUP(G19,$C:$C,$F:$F)+1 -> 46203 | E19: 20 | F19: =WORKDAY(D19,E19-1) -> 46230 | G19: Framing
B20: {=IFERROR(INDEX(KEY!$D$2:$D$23, MATCH(TRUE, _xlfn.BYROW(KEY!$F$2:$I$23, _xlfn.LAMBDA(_xlpm.r, COUNTIF(_xlpm.r, C20)>0)), 0)), "")} -> Gerardo | C20: Siding | D20: =_xlfn.XLOOKUP(G20,$C:$C,$F:$F)+1 -> 46203 | E20: 10 | F20: =WORKDAY(D20,E20-1) -> 46216 | G20: Framing
B21: {=IFERROR(INDEX(KEY!$D$2:$D$23, MATCH(TRUE, _xlfn.BYROW(KEY!$F$2:$I$23, _xlfn.LAMBDA(_xlpm.r, COUNTIF(_xlpm.r, C21)>0)), 0)), "")} -> Willett & Assoc. | C21: Rough Grade | D21: =_xlfn.XLOOKUP(G21,$C:$C,$F:$F)+1 -> 46231 | E21: 2 | F21: =WORKDAY(D21,E21-1) -> 46232 | G21: Brick
B22: {=IFERROR(INDEX(KEY!$D$2:$D$23, MATCH(TRUE, _xlfn.BYROW(KEY!$F$2:$I$23, _xlfn.LAMBDA(_xlpm.r, COUNTIF(_xlpm.r, C22)>0)), 0)), "")} -> Ramiro | C22: Irrigation | D22: =_xlfn.XLOOKUP(G22,$C:$C,$F:$F)+1 -> 46233 | E22: 2 | F22: =WORKDAY(D22,E22-1) -> 46234 | G22: Rough Grade
B23: {=IFERROR(INDEX(KEY!$D$2:$D$23, MATCH(TRUE, _xlfn.BYROW(KEY!$F$2:$I$23, _xlfn.LAMBDA(_xlpm.r, COUNTIF(_xlpm.r, C23)>0)), 0)), "")} -> Jacob Hayden | C23: Finish Grade | D23: =_xlfn.XLOOKUP(G23,$C:$C,$F:$F)+1 -> 46235 | E23: 2 | F23: =WORKDAY(D23,E23-1) -> 46237 | G23: Irrigation
... B47: {=IFERROR(INDEX(KEY!$D$2:$D$23, MATCH(TRUE, _xlfn.BYROW(KEY!$F$2:$I$23, _xlfn.LAMBDA(_xlpm.r, COUNTIF(_xlpm.r, C47)>0)), 0)), "")} -> Angies Cleaning | C47: Cleaning | D47: =_xlfn.XLOOKUP(G47,$C:$C,$F:$F)+1 -> 46276 | E47: 3 | F47: =WORKDAY(D47,E47-1) -> 46280 | G47: Painting Finish
E49: =F47-D4 -> 167 | F49: Estimate to cleaning
E50: =F47-D5 -> 153 | F50: Days to build
E51: =E50/30.41 -> 5.0312397 | F51: Months to build
